res_num,SASA
0,NA
1,NA
2,NA
3,NA
4,NA
5,NA
6,76.96
7,44.27
8,100.74
9,10.71
10,98.31
11,10.74
12,58.62
13,0.49
14,33.58
15,76.18
16,15.8
17,72.14
18,24.4
19,98.77
20,43.79
21,0
22,2.51
23,79.43
24,4.67
25,0
26,146.35
27,39.42
28,0
29,35.31
30,40.97
31,126.38
32,0.24
33,45.6
34,69.66
35,57.42
36,93.97
37,23.07
38,81.05
39,16.44
40,71.15
41,131.29
42,2.18
43,26.94
44,1.35
45,0.13
46,16.78
47,47.92
48,96.04
49,113.71
50,75.57
51,29.63
52,61.43
53,48.72
54,125.78
55,106.91
56,13.73
57,2.97
58,1.52
59,20.58
60,0
61,52.51
62,0
63,39.77
64,3.32
65,138.16
66,54.22
67,155.56
68,23.37
69,41.38
70,0.84
71,2.38
72,0
73,0
74,0
75,4.79
76,11.01
77,7.38
78,45.61
79,0
80,23.78
81,5.65
82,23.29
83,0
84,0
85,69.09
86,1.82
87,51.66
88,77.62
89,4.16
90,0
91,9.62
92,0.16
93,11.49
94,95.68
95,23.75
96,126.12
97,51.84
98,131.66
99,109.4
100,21.81
101,28.29
102,87.52
103,2.18
104,11.89
105,73.34
106,72.3
107,0.17
108,20.3
109,88.09
110,143.28
111,19.8
112,141.17
113,41.91
114,96.09
115,104.3
116,74.56
117,14.57
118,101.42
119,23.66
120,10.01
121,26.72
122,79.75
123,31.29
124,94.29
125,83.08
126,0
127,12.72
128,110.14
129,37.14
130,12.54
131,61.75
132,52.21
133,97.94
134,20.52
135,62.84
136,92.54
137,0.17
138,72
139,0
140,0.17
141,29.43
142,23.42
143,2.01
144,0.34
145,31.04
146,89.78
147,0.33
148,0
149,21.7
150,12.22
151,0
152,56.21
153,96.52
154,46.02
155,33.85
156,91.71
157,68.88
158,62.54
159,15.95
160,136.37
161,68.13
162,60.61
163,60.48
164,0
165,0
166,75.34
167,3.56
168,0.31
169,0
170,9
171,0.17
172,10.05
173,0
174,0.17
175,0
176,0
177,0.49
178,0
179,0
180,20.87
181,0
182,59.46
183,45.59
184,0
185,8.92
186,21.57
187,8.56
188,0
189,62.25
190,63.06
191,10.3
192,17.51
193,120.3
194,146.06
195,134.57
196,143.44
197,99.33
198,19.09
199,30.33
200,5.22
201,32.01
202,44.03
203,6.09
204,0
205,14.73
206,16.67
207,6.03
208,11.82
209,91.66
210,14.53
211,16.99
212,16.74
213,160.92
214,0
215,0
216,41.19
217,18.19
218,1.23
219,5.11
220,103.86
221,16.25
222,111.74
223,161.38
224,0.34
225,46.7
226,19.65
227,111.5
228,72.75
229,72.7
230,7.37
231,98.52
232,8.87
233,63
234,113.2
235,133.26
236,123.58
237,21.75
238,43.98
239,132.38
240,64.21
241,30.82
242,0.17
243,133.03
244,45.04
245,5.84
246,62.24
247,69.42
248,0
249,52.44
250,91.14
251,36.15
252,0.61
253,3.98
254,0
255,0
256,16.22
257,54.16
258,116.3
259,28.36
260,64.5
261,69.08
262,88.59
263,127.86
264,99.31
265,108.68
266,155.35
267,259.35
