,,,,,15s,15s,15s,100s,100s,100s,1000s,1000s,1000s,10000s,10000s,10000s,86400s,86400s,86400s,Full-D,Full-D,Full-D
State,Start,End,Sequence,Charge,#D,#D,#D,#D,#D,#D,#D,#D,#D,#D,#D,#D,#D,#D,#D,#D,#D,#D
RTA,0,11,AIFPKQYPIINF,2,3.701,3.851,3.804,4.453,4.419,4.447,5.194,5.159,5.168,5.725,5.721,5.706,5.75,5.787,,6.143,6.249,6.209
RTA,12,20,TTAGATVQS,1,3.353,3.623,3.343,4.376,4.444,4.568,5.575,5.577,5.553,5.712,5.75,5.953,5.708,5.872,,5.692,5.868,5.834
RTA,12,24,TTAGATVQSYTNF,2,3.509,3.682,3.67,4.898,4.787,4.863,6.075,5.937,6.05,6.981,6.763,6.837,7.503,7.927,,8.615,8.848,8.727
RTA,21,24,YTNF,1,0.056,,0.057,0.081,0.072,0.094,0.105,0.121,0.12,,0.296,0.255,0.408,0.534,,1.403,1.437,1.408
RTA,25,32,IRAVRGRL,3,0.234,0.296,0.278,0.332,0.365,0.288,0.413,0.398,0.418,0.861,0.9,0.969,1.987,1.945,,4.764,4.76,4.684
RTA,25,37,IRAVRGRLTTGAD,3,2.947,3.092,3.011,3.199,3.188,3.155,3.294,3.211,3.214,3.981,4.039,4.234,5.352,5.561,,8.053,8.072,8.254
RTA,28,37,VRGRLTTGAD,3,2.498,2.52,2.432,2.951,2.721,2.767,3.072,3.053,3.079,3.661,3.735,4.219,5.332,5.318,,5.762,5.652,5.773
RTA,33,59,TTGADVRHEIPVLPNRVGLPINQRFIL,5,4.831,5.196,5.025,7.889,7.834,7.869,10.313,10.293,10.346,11.588,11.722,11.643,12.928,13.168,,14.064,14.11,14.202
RTA,37,59,DVRHEIPVLPNRVGLPINQRFIL,4,3.527,3.785,3.714,6.085,6.013,6.058,8.539,8.453,8.496,9.87,9.845,9.936,11.106,11.275,,,11.409,11.34
RTA,38,45,VRHEIPVL,2,,0.253,0.171,0.328,0.442,0.403,0.76,0.91,0.831,1.057,1.173,1.327,1.725,1.828,,2.666,2.571,2.626
RTA,38,55,VRHEIPVLPNRVGLPINQ,4,2.726,3.207,3.119,5.136,5.068,5.081,7.062,6.993,6.966,7.191,7.28,7.377,8.05,8.178,,,8.572,8.565
RTA,38,57,VRHEIPVLPNRVGLPINQRF,4,3.092,3.388,3.29,5.566,5.468,5.432,7.754,7.665,7.634,8.542,8.572,8.748,9.471,9.527,,,9.79,9.832
RTA,38,59,VRHEIPVLPNRVGLPINQRFIL,4,3.151,3.406,3.344,5.341,5.323,5.368,7.541,7.474,7.476,8.832,8.841,8.928,10.024,10.222,,,10.687,10.558
RTA,56,59,RFIL,2,0.014,0.003,0.009,0.019,0.015,0.012,0.074,0.099,0.093,0.464,0.491,0.511,0.799,0.793,,1.55,1.556,1.555
RTA,58,61,ILVE,1,0.021,0.021,0.022,0.044,0.041,0.038,0.019,0.011,0.016,0.041,0.052,0.06,0.146,0.24,,1.5,1.341,1.367
RTA,58,68,ILVELSNHAEL,2,1.658,1.914,1.69,1.794,1.775,1.847,2.478,2.543,2.485,2.891,2.945,2.894,2.959,3.056,,,6.028,6.044
RTA,60,68,VELSNHAEL,2,1.524,1.601,1.54,1.766,1.728,1.732,2.35,2.377,2.354,2.725,2.724,2.734,2.867,2.906,,4.35,4.296,4.231
RTA,60,69,VELSNHAELS,2,1.536,1.635,1.574,1.755,1.796,1.759,2.977,3.031,3.038,3.64,3.681,3.715,3.767,3.777,,5.367,5.398,5.282
RTA,62,68,LSNHAEL,2,1.425,1.5,1.439,1.579,1.607,1.6,2.183,2.138,2.167,2.452,2.523,2.572,2.555,2.606,,2.459,2.404,2.38
RTA,69,72,SVTL,1,0.016,0.013,0.024,0.016,0.016,0.018,0.013,0.009,0.012,0.018,0.018,0.017,0.028,0.024,,1.785,1.813,1.749
RTA,69,73,SVTLA,1,0.03,0.04,0.031,0.015,0.017,0.04,0.031,0.023,0.031,0.045,0.05,0.043,0.033,0.045,,2.525,2.597,2.575
RTA,69,74,SVTLAL,1,0.021,0.018,0.031,0.026,0.028,0.029,0.018,0.029,0.034,0.013,0.011,0.021,0.021,0.035,,3.47,3.374,3.404
RTA,70,74,VTLAL,1,0.017,0.041,0.029,0.039,0.059,0.021,0.059,0.012,0.036,-0.023,0.074,0.008,,0.021,,,2.927,
RTA,72,79,LALDMTNA,1,0.104,0.153,0.116,0.141,0.158,0.156,0.197,0.229,0.186,-0.005,0.208,0.273,0.402,0.429,,,3.935,3.833
RTA,72,91,LALDMTNAAVVGYRAGNSAY,3,1.3,1.292,1.348,1.454,1.349,1.233,1.704,1.898,1.913,2.914,2.922,2.233,3.404,3.789,,13.349,,12.783
RTA,73,79,ALDMTNA,1,0.087,0.078,0.102,0.118,0.118,0.095,0.118,0.14,0.151,0.179,0.191,0.162,0.415,0.391,,3.57,3.671,3.664
RTA,73,91,ALDMTNAAVVGYRAGNSAY,2,1.618,1.662,1.63,1.713,1.651,1.678,2.254,2.285,2.282,3.505,3.553,3.626,4.274,4.364,,12.874,12.663,12.689
RTA,75,79,DMTNA,1,0.08,0.042,0.088,0.045,0.038,0.06,0.045,0.052,0.055,0.094,0.086,0.064,0.322,0.312,,2.067,2.051,2.09
RTA,75,91,DMTNAAVVGYRAGNSAY,2,1.657,1.701,1.721,1.729,1.76,1.743,2.311,2.367,2.47,3.662,3.597,3.722,4.405,4.483,,12.142,12.02,12.082
RTA,80,91,AVVGYRAGNSAY,2,1.469,1.525,1.461,1.717,1.563,1.549,1.935,1.963,1.988,2.681,2.75,2.674,2.718,2.954,,7.562,7.494,7.508
RTA,84,91,YRAGNSAY,2,1.519,1.584,1.537,1.629,1.672,1.62,2.119,2.129,2.138,2.895,2.912,2.924,2.944,3.08,,4.493,4.464,4.477
RTA,92,99,FFHPDNQE,2,1.384,1.525,1.479,1.839,1.806,1.825,1.966,1.925,1.933,2.212,2.292,2.226,2.587,2.541,,,,
RTA,92,101,FFHPDNQEDA,2,1.633,1.711,1.65,2.109,2.049,2.035,2.618,2.705,2.765,,3.272,3.347,3.275,3.749,,,,
RTA,92,102,FFHPDNQEDAE,2,1.713,1.829,1.77,2.542,2.483,2.477,3.543,3.454,3.495,3.914,3.909,3.996,3.994,4.273,,3.96,3.937,3.862
RTA,92,103,FFHPDNQEDAEA,2,1.786,1.912,1.881,2.942,2.894,2.899,4.251,4.207,4.181,4.649,4.69,4.765,4.744,4.997,,4.649,4.645,4.627
RTA,92,107,FFHPDNQEDAEAITHL,3,1.957,2.006,2.016,3.187,3.449,3.185,5.09,5.003,5.09,6.435,6.348,6.674,7.729,7.714,,7.564,7.624,7.582
RTA,93,99,FHPDNQE,2,1.629,1.625,1.508,2.036,2.01,2.025,1.98,1.947,1.956,1.873,1.932,1.899,2.038,1.984,,2.105,2.049,2.068
RTA,93,107,FHPDNQEDAEAITHL,3,1.983,2.119,2.098,3.616,3.51,3.602,5.159,5.19,5.282,6.248,6.541,6.452,7.198,7.361,,7.493,7.462,7.518
RTA,102,107,EAITHL,2,0.164,0.19,0.179,0.444,0.437,0.461,0.678,0.699,0.714,1.517,1.566,1.507,2.414,2.472,,2.623,2.626,2.603
RTA,103,107,AITHL,2,0.149,0.172,0.156,0.391,0.393,0.388,0.615,0.642,0.653,1.436,1.441,1.414,2.156,2.047,,1.892,1.899,1.882
RTA,104,107,ITHL,2,0.125,0.152,0.141,0.377,0.366,0.385,0.509,0.513,0.54,0.862,0.884,0.864,1.218,1.274,,1.238,1.258,1.247
RTA,104,109,ITHLFT,2,1.211,1.293,1.231,1.339,1.372,1.341,1.391,1.364,1.365,1.683,1.7,1.671,1.935,2.086,,1.915,1.94,1.941
RTA,108,118,FTDVQNRYTFA,2,4.245,4.165,4.15,4.162,4.047,4.1,4.387,4.309,4.321,4.884,4.88,4.869,4.981,5.074,,7.693,7.737,7.612
RTA,108,122,FTDVQNRYTFAFGGN,2,4.929,5.079,5.053,5.811,5.702,5.734,6.514,6.474,6.472,7.516,7.495,7.369,7.54,7.852,,9.378,9.261,9.326
RTA,118,122,AFGGN,1,,,,,,,,,,,,,,,,,,
RTA,119,126,FGGNYDRL,2,,,,,,,,,,,,,,,,3.634,3.614,
RTA,123,126,YDRL,2,0.386,0.464,0.435,0.813,0.788,0.791,0.87,0.831,0.84,0.93,0.956,0.918,1.425,1.458,,1.66,1.624,1.658
RTA,123,129,YDRLEQL,2,,0.335,0.3,0.618,0.624,0.61,0.981,0.998,0.954,1.604,1.655,1.68,2.557,2.753,,3.502,3.613,3.54
RTA,123,133,YDRLEQLAGNL,2,0.247,0.282,0.294,0.731,0.688,0.77,2.129,2.17,2.091,3.527,3.418,3.471,5.35,5.412,,6.76,6.648,6.65
RTA,123,135,YDRLEQLAGNLRE,3,0.463,0.528,0.528,1.315,1.418,1.356,3.266,3.32,3.45,5.025,5.132,5.179,7.013,7.066,,8.401,8.341,8.399
RTA,127,133,EQLAGNL,1,0.131,0.148,0.145,0.447,0.447,0.441,1.434,1.509,1.532,2.215,2.262,2.163,3.372,3.353,,3.727,3.751,3.746
RTA,127,135,EQLAGNLRE,2,0.437,0.471,0.452,1.191,1.187,1.193,2.711,2.762,2.767,3.917,3.964,3.927,5.075,5.268,,5.509,5.497,5.506
RTA,130,135,AGNLRE,2,0.303,0.44,0.297,1.024,1.047,1.061,2.172,2.156,2.121,2.795,2.825,2.764,3.035,3.121,,3.281,3.224,
RTA,130,151,AGNLRENIELGNGPLEEAISAL,3,1.39,1.641,1.561,2.272,2.385,2.396,3.495,3.34,3.443,4.339,4.507,4.425,5.833,6.105,,14.199,14.035,14.18
RTA,134,146,RENIELGNGPLEE,2,1.221,1.365,1.299,1.694,1.679,1.689,1.87,1.864,1.863,2.081,2.18,2.084,3.02,3.042,,6.545,6.522,6.531
RTA,134,151,RENIELGNGPLEEAISAL,2,1.222,1.313,1.269,1.589,1.629,1.631,1.796,1.736,1.783,2.049,2.08,1.977,2.916,3.032,,,10.408,10.5
RTA,136,146,NIELGNGPLEE,2,1.275,1.404,1.334,1.741,1.745,1.729,1.904,1.869,1.874,2.048,2.119,2.011,2.757,2.721,,5.296,5.272,5.296
RTA,136,147,NIELGNGPLEEA,2,1.275,1.298,1.252,1.581,1.581,1.576,1.725,1.721,1.706,1.942,1.985,1.916,2.605,2.687,,6.222,6.185,6.115
RTA,136,151,NIELGNGPLEEAISAL,2,1.148,1.24,1.218,1.525,1.523,1.552,1.71,1.69,1.693,1.879,1.911,1.845,2.719,2.754,,,9.494,9.485
RTA,146,151,EAISAL,1,,,,,,,,,,,,,,,,3.517,3.366,3.375
RTA,147,150,AISA,1,,,,,,,,,,,,,,,,,,
RTA,147,151,AISAL,1,0.022,0.003,0.001,0.014,0.007,0.006,0.009,0.011,0.014,0.024,0.017,0.029,0.167,0.182,,1.033,1.035,1.042
RTA,148,151,ISAL,1,-0.012,-0.002,0.006,-0.005,0.001,0.008,0.002,0,0.001,0.008,0.008,0.009,0.049,0.046,,1.698,1.699,1.722
RTA,152,161,YYYSTGGTQL,2,4.512,4.781,4.59,4.828,4.714,4.768,4.94,4.846,4.831,,4.977,4.996,,5.472,,4.925,4.504,
RTA,152,164,YYYSTGGTQLPTL,2,5.321,5.619,5.557,5.794,5.785,5.783,6.026,5.837,5.804,6.285,6.221,6.23,7.085,7.216,,3.506,3.586,
RTA,153,164,YYSTGGTQLPTL,2,5.185,5.514,5.484,5.838,5.683,5.723,5.834,5.762,5.707,6.134,6.056,6.067,6.611,6.756,,8.067,,8.003
RTA,162,167,PTLARS,2,0.351,0.43,0.403,0.455,0.44,0.44,0.499,0.493,0.499,0.755,0.746,0.734,1.326,1.32,,3.202,3.281,3.216
RTA,162,168,PTLARSF,2,0.221,0.215,0.2,0.152,0.252,0.228,0.292,0.175,0.24,0.474,0.523,0.469,0.993,1.146,,2.638,2.619,2.58
RTA,165,168,ARSF,2,0.178,0.18,0.161,0.161,0.184,0.186,0.218,0.2,0.185,0.196,0.188,0.2,0.212,0.214,,,1.21,1.28
RTA,165,171,ARSFIIC,2,0.052,0.094,0.051,0.063,0.054,0.055,0.043,0.05,0.039,0.036,0.061,0.033,0.037,0.065,,,2.325,2.497
RTA,168,171,FIIC,1,-0.007,-0.006,-0.007,0.016,0.007,0.017,-0.002,0,-0.002,0.099,0.031,0.024,,0.048,,0.573,0.906,1.095
RTA,169,173,IICIQ,1,0.109,0.046,0.017,0.006,-0.049,-0.012,0.023,-0.025,-0.009,-0.003,0.001,0.097,0.039,0.106,,1.939,1.922,1.961
RTA,172,181,IQMISEAARF,2,,,,,,,,,,,,,,,,0.543,,
RTA,175,181,ISEAARF,2,0.117,0.116,0.114,0.118,0.126,0.12,0.12,0.122,0.161,0.14,0.159,0.121,0.129,0.163,,1.008,0.983,1.205
RTA,178,181,AARF,2,0.096,0.095,0.088,0.082,0.096,0.098,0.108,0.109,0.12,0.125,0.12,0.104,0.127,0.141,,1.265,1.326,1.334
RTA,182,186,QYIEG,1,0.04,0.046,0.063,0.069,0.044,0.068,0.071,0.097,0.078,0.212,0.218,0.199,0.7,0.713,,2.086,2.015,2.011
RTA,182,187,QYIEGE,1,0.081,0.092,0.083,0.117,0.038,0.101,0.103,0.106,0.115,0.275,0.26,0.24,0.805,0.803,,1.02,1.016,0.953
RTA,182,188,QYIEGEM,1,0.124,0.141,0.132,0.164,0.144,0.161,0.184,0.218,0.203,0.383,0.496,0.396,1.136,1.061,,3.293,3.392,3.393
RTA,182,190,QYIEGEMRT,2,0.376,0.373,0.357,0.67,0.688,0.677,1.109,1.133,1.128,,1.334,1.229,,1.91,,,4.644,4.745
RTA,182,204,QYIEGEMRTRIRYNRRSAPDPSV,5,,2.795,2.819,4.265,4.032,4.152,5.596,5.747,5.675,7.774,8.207,8.432,9.407,9.585,,,7.731,7.786
RTA,187,204,EMRTRIRYNRRSAPDPSV,5,2.741,3.073,2.942,4.298,4.236,4.236,5.517,5.52,5.511,7.455,7.576,7.92,8.423,8.87,,8.886,9.008,8.837
RTA,188,204,MRTRIRYNRRSAPDPSV,5,2.76,3.145,3.017,4.277,4.175,4.192,5.252,5.178,5.197,7.26,7.247,7.587,7.981,8.559,,8.37,8.391,8.346
RTA,189,204,RTRIRYNRRSAPDPSV,5,2.792,3.048,2.983,4.107,4.019,3.991,4.923,4.878,4.88,6.731,6.706,6.969,7.512,8.03,,7.825,7.822,7.757
RTA,189,206,RTRIRYNRRSAPDPSVIT,5,2.713,2.994,2.926,4.054,3.972,3.981,5.013,5.015,5.006,7.19,7.267,7.585,8.416,8.856,,9.351,9.457,9.39
RTA,191,204,RIRYNRRSAPDPSV,4,2.771,3.09,3.005,4.158,4.04,4.063,4.78,4.763,4.767,5.949,5.916,6.083,6.371,6.825,,6.562,6.541,6.612
RTA,191,207,RIRYNRRSAPDPSVITL,4,2.425,2.739,2.676,3.595,3.561,3.654,4.46,4.475,4.387,6.023,6.111,6.208,7.183,7.372,,8.583,8.541,8.504
RTA,195,204,NRRSAPDPSV,2,1.941,2.177,2.1,2.566,2.492,2.492,3.068,2.941,2.953,3.51,3.562,3.582,4.238,4.362,,4.312,4.272,4.204
RTA,205,210,ITLENS,1,0.177,0.188,0.163,0.238,0.237,0.246,0.693,0.752,0.747,1.525,1.56,1.539,2.339,2.311,,3.418,3.44,3.443
RTA,205,214,ITLENSWGRL,2,1.997,2.236,2.14,2.656,2.624,2.752,3.095,3.203,3.114,4.066,4.096,4.029,4.66,4.755,,5.633,5.464,5.643
RTA,205,216,ITLENSWGRLST,2,2.231,2.43,2.333,3.033,3.128,3.047,4.818,4.731,4.826,5.954,5.967,6.243,6.624,6.581,,,,
RTA,205,217,ITLENSWGRLSTA,2,2.361,2.401,2.414,3.047,3.232,3.05,4.582,4.564,4.765,6.504,6.277,6.485,7.251,7.395,,8.454,8.487,8.452
RTA,207,214,LENSWGRL,2,1.915,2.061,1.972,2.477,2.455,2.518,2.823,2.793,2.808,3.488,3.51,3.483,3.819,4.009,,3.716,3.728,3.772
RTA,207,216,LENSWGRLST,2,1.985,2.172,2.096,2.785,2.749,2.824,3.939,3.98,4.008,5.136,5.102,5.088,5.486,5.704,,,,
RTA,207,217,LENSWGRLSTA,2,2.005,2.077,2.012,2.625,2.651,2.65,3.772,3.805,3.881,5.203,5.179,5.212,5.791,6.152,,5.892,5.869,5.816
RTA,208,214,ENSWGRL,2,1.777,1.913,1.917,2.384,2.355,2.349,2.595,2.568,2.559,3.081,3.105,3.057,3.352,3.429,,3.312,3.305,3.316
RTA,208,217,ENSWGRLSTA,2,1.908,2.048,2.036,2.613,2.623,2.546,3.654,3.782,3.746,4.991,5.036,4.993,5.69,5.846,,5.575,5.604,5.519
RTA,211,217,WGRLSTA,2,1.081,1.106,0.967,1.288,1.264,1.304,2.09,2.159,2.16,3.15,3.187,3.168,3.659,3.798,,3.714,3.68,3.647
RTA,212,216,GRLST,2,,,,,,,,,,,,,,,,,,
RTA,217,225,AIQESNQGA,2,2.882,3.074,3.011,3.509,3.562,3.538,3.967,3.905,3.952,4.679,4.715,4.759,5.208,5.294,,5.138,4.954,5.131
RTA,217,232,AIQESNQGAFASPIQL,2,5.101,5.273,5.208,5.867,5.883,5.852,7.313,7.242,7.227,8.988,8.928,8.955,9.139,9.406,,9.078,9.07,9.066
RTA,218,225,IQESNQGA,2,2.604,2.853,2.924,3.273,3.406,3.401,3.789,3.721,3.712,4.085,4.152,4.301,4.338,4.312,,4.238,4.212,4.236
RTA,218,232,IQESNQGAFASPIQL,2,4.983,5.169,5.135,5.802,5.757,5.763,7.112,7.023,7.061,8.569,8.455,8.551,8.581,8.763,,8.54,8.532,8.54
RTA,220,232,ESNQGAFASPIQL,2,2.869,3.775,3.706,4.477,4.606,4.039,5.859,5.567,5.888,6.778,6.603,6.642,6.865,,,7.555,7.38,7.639
RTA,221,232,SNQGAFASPIQL,2,3.935,4.13,4.023,4.472,4.44,4.467,5.516,5.599,5.484,6.693,6.512,6.576,6.612,6.684,,6.527,6.474,
RTA,226,232,FASPIQL,1,1.614,1.702,1.701,1.689,1.693,1.703,2.276,2.324,2.319,3.345,3.342,3.333,3.373,3.437,,3.347,3.22,3.234
RTA,226,240,FASPIQLQRRNGSKF,4,2.719,3.112,3.098,3.174,2.897,3.362,4.939,4.984,4.938,6.451,6.252,6.402,6.345,7.075,,5.081,4.986,4.91
RTA,227,240,ASPIQLQRRNGSKF,4,3.208,3.627,3.396,4.023,4.038,4.146,5.941,5.912,5.877,6.778,6.806,7.243,,,,1.221,1.734,
RTA,232,240,LQRRNGSKF,3,2.16,2.508,2.327,3.218,3.101,3.051,4.148,4.039,3.865,4.033,4.212,4.592,4.307,4.327,,2.55,,
RTA,232,243,LQRRNGSKFSVY,4,,,,,,,,,,,,,,,,7.147,,7.047
RTA,233,243,QRRNGSKFSVY,3,2.417,2.806,2.674,3.632,3.592,3.626,4.345,4.346,4.291,4.933,4.984,5.119,4.954,5.162,,,,
RTA,233,244,QRRNGSKFSVYD,3,2.607,3.042,2.938,4.173,4.144,4.169,4.962,4.918,4.894,5.428,5.496,5.67,5.441,5.696,,5.584,5.476,
RTA,233,246,QRRNGSKFSVYDVS,4,2.538,2.918,2.798,4.435,4.349,4.466,5.916,5.939,5.936,6.787,6.879,6.925,6.8,6.988,,,5.031,4.853
RTA,233,248,QRRNGSKFSVYDVSIL,4,2.141,2.445,2.386,4.309,4.326,4.344,6.015,6.053,6.053,7.257,7.267,7.424,7.67,7.872,,5.809,,5.929
RTA,240,243,FSVY,1,,,,,,,,,,,,,,,,,,
RTA,241,246,SVYDVS,1,0.816,0.911,0.891,1.934,1.893,1.901,2.736,2.715,2.695,2.98,2.974,3.009,3.07,3.145,,,1.797,1.784
RTA,241,248,SVYDVSIL,1,0.901,1.068,1.065,2.622,2.62,2.634,3.716,3.72,3.723,4.346,4.328,4.349,4.774,4.828,,,4.1,4.059
RTA,243,248,YDVSIL,1,,,,,,,,,,,,,,,,,2.979,3.027
RTA,244,248,DVSIL,1,0.274,0.322,0.307,1.159,1.152,1.164,1.766,1.778,1.755,2.015,2.035,2.004,2.467,2.502,,2.193,2.375,2.235
RTA,245,248,VSIL,1,0.204,0.241,0.236,0.839,0.824,0.853,1.176,1.186,1.184,1.444,1.463,1.416,1.847,1.925,,1.544,1.665,1.609
RTA,247,253,ILIPIIA,1,0.036,0.045,0.041,0.064,0.058,0.056,0.195,0.213,0.216,1.077,1.032,0.992,2.649,2.618,,3.039,3.255,3.201
RTA,247,254,ILIPIIAL,1,0.038,0.039,0.04,0.056,0.051,0.067,0.193,0.228,0.232,1.068,1.083,1.138,3.236,3.311,,3.838,3.864,4.067
RTA,247,255,ILIPIIALM,2,0.037,0.011,0.034,0.033,0.053,0.013,0.222,0.291,0.283,1.392,1.697,1.781,3.887,3.749,,,4.567,4.485
RTA,249,253,IPIIA,1,0.004,0.009,0.018,0.023,0.024,0.028,0.069,0.093,0.182,0.469,0.467,0.389,1.918,1.801,,1.519,,1.479
RTA,249,254,IPIIAL,1,0.009,0.009,0.043,0.009,0.015,0.019,0.087,0.08,0.155,0.513,0.525,0.461,2.471,2.526,,3.179,3.269,3.262
RTA,249,255,IPIIALM,1,0.031,0.032,0.033,0.04,0.041,0.05,0.129,0.154,0.153,0.944,0.867,0.767,3.333,3.385,,3.734,4.107,4.2
RTA,255,267,MVYRCAPPPSSQF,2,4.318,4.45,4.384,4.821,4.729,4.749,5.401,5.239,5.227,5.55,5.523,5.59,6.035,6.167,,3.74,3.655,
RTA,256,267,VYRCAPPPSSQF,2,4.433,4.55,4.524,4.888,4.827,4.867,5.345,5.239,5.238,5.315,5.291,5.36,5.295,5.487,,3.662,3.456,
RTA,257,267,YRCAPPPSSQF,2,4.112,4.292,4.193,4.476,4.413,4.432,4.408,4.34,4.341,4.371,4.354,4.405,4.277,4.561,,2.721,2.665,
RTA,258,267,RCAPPPSSQF,2,3.5,3.683,3.62,3.944,3.809,3.88,3.875,3.731,3.8,3.614,3.616,3.878,3.748,3.778,,,,1.913
RTA + E1,0,11,AIFPKQYPIINF,2,3.908,3.774,3.765,4.321,4.384,4.434,5.208,5.002,5.045,5.568,5.632,5.606,5.812,5.702,5.733,6.143,6.249,6.209
RTA + E1,12,20,TTAGATVQS,1,3.667,3.562,3.601,4.664,4.79,4.607,5.581,5.532,5.533,5.739,5.73,5.759,5.722,5.746,5.488,5.692,5.868,5.834
RTA + E1,12,24,TTAGATVQSYTNF,2,3.861,3.923,3.621,4.785,4.793,4.8,6.103,5.937,6.02,6.968,7.086,7.07,8.166,8.135,8.145,8.615,8.848,8.727
RTA + E1,21,24,YTNF,1,0.175,0.247,0.23,0.231,,0.296,0.328,0.264,0.234,0.433,,0.475,,0.815,0.74,1.403,1.437,1.408
RTA + E1,25,32,IRAVRGRL,3,0.265,0.238,0.259,0.296,0.304,0.311,0.44,0.368,0.337,0.864,0.853,0.905,1.958,1.873,1.883,4.764,4.76,4.684
RTA + E1,25,37,IRAVRGRLTTGAD,3,3.061,3.006,2.989,3.123,3.086,3.164,3.251,3.159,3.212,3.897,4.003,4.047,5.494,5.403,5.353,8.053,8.072,8.254
RTA + E1,28,37,VRGRLTTGAD,3,2.66,2.621,2.646,2.887,2.795,2.9,3.127,3.026,3.157,3.739,3.738,3.699,5.257,5.165,5.187,5.762,5.652,5.773
RTA + E1,33,59,TTGADVRHEIPVLPNRVGLPINQRFIL,5,5.19,5.247,5.184,7.769,7.662,7.81,10.224,10.101,10.081,11.328,11.345,11.515,12.99,12.776,12.915,14.064,14.11,14.202
RTA + E1,37,59,DVRHEIPVLPNRVGLPINQRFIL,4,3.855,3.864,3.787,6.134,6.089,6.092,8.513,8.435,8.439,9.656,9.702,9.851,11.234,11.137,11.158,,11.409,11.34
RTA + E1,38,45,VRHEIPVL,2,0.264,0.262,0.279,0.437,0.387,0.386,0.814,0.756,0.856,1.008,1.177,1.299,,1.813,,2.666,2.571,2.626
RTA + E1,38,55,VRHEIPVLPNRVGLPINQ,4,3.272,3.2,3.103,4.899,4.933,4.915,6.935,6.797,6.794,7.007,7.191,7.114,7.953,7.785,7.779,,8.572,8.565
RTA + E1,38,57,VRHEIPVLPNRVGLPINQRF,4,3.401,3.447,3.375,5.457,5.434,5.423,7.626,7.56,7.558,8.396,8.436,8.542,9.576,9.487,9.472,,9.79,9.832
RTA + E1,38,59,VRHEIPVLPNRVGLPINQRFIL,4,3.468,3.423,3.388,5.323,5.317,5.317,7.471,7.377,7.406,8.556,8.774,8.733,10.19,10.056,10.069,,10.687,10.558
RTA + E1,56,59,RFIL,2,0.014,0.01,0.017,0.005,0.014,0.022,0.074,0.074,0.083,0.448,0.432,0.426,0.804,0.804,0.8,1.55,1.556,1.555
RTA + E1,58,61,ILVE,1,0.01,0.016,0.011,0.016,0.027,0.023,0.054,0.038,0.021,0.045,0.059,0.075,0.135,0.17,0.111,1.5,1.341,1.367
RTA + E1,58,68,ILVELSNHAEL,2,1.266,1.298,1.236,1.721,1.729,1.724,2.042,1.981,2.054,2.649,2.61,2.811,3.174,3.204,3.249,,6.028,6.044
RTA + E1,60,68,VELSNHAEL,2,0.984,0.978,0.958,1.479,1.45,1.487,1.83,1.78,1.792,2.319,2.331,2.304,2.836,2.784,2.783,4.35,4.296,4.231
RTA + E1,60,69,VELSNHAELS,2,1.038,1.046,0.981,1.546,1.669,1.566,2.447,2.444,2.406,3.318,3.158,3.237,3.691,3.633,3.642,5.367,5.398,5.282
RTA + E1,62,68,LSNHAEL,2,0.949,0.915,0.897,1.408,1.368,1.388,1.665,1.614,1.633,2.082,2.178,2.162,2.638,2.597,2.585,2.459,2.404,2.38
RTA + E1,69,72,SVTL,1,0.018,0.026,0.019,0.025,0.028,0.02,0.029,0.024,0.022,0.025,0.026,0.021,0.026,0.023,0.024,1.785,1.813,1.749
RTA + E1,69,73,SVTLA,1,0.027,0.029,0.027,0.021,0.034,0.005,0.036,0.048,0.032,0.026,0.054,0.021,0.029,0.055,0.022,2.525,2.597,2.575
RTA + E1,69,74,SVTLAL,1,0.015,0.014,0.019,0.028,0.034,0.015,0.023,0.023,0.024,0.018,0.019,0.028,0.059,0.04,0.037,3.47,3.374,3.404
RTA + E1,70,74,VTLAL,1,0.028,0.101,0.094,0.023,0.028,0.065,0.022,0.07,0.086,0.102,0.062,0.114,0.049,0.1,0.188,,2.927,
RTA + E1,72,79,LALDMTNA,1,0.27,0.254,0.262,0.234,0.249,0.239,0.375,0.442,0.425,0.115,0.314,0.359,0.532,0.561,0.587,,3.935,3.833
RTA + E1,72,91,LALDMTNAAVVGYRAGNSAY,3,1.413,1.377,1.319,1.34,1.352,1.369,1.881,1.805,1.75,3.002,3.078,2.936,3.963,3.873,3.876,13.349,,12.783
RTA + E1,73,79,ALDMTNA,1,0.064,0.279,0.212,0.178,0.14,0.17,,,0.241,,0.148,0.095,,0.328,0.429,3.57,3.671,3.664
RTA + E1,73,91,ALDMTNAAVVGYRAGNSAY,2,1.635,1.617,1.618,1.623,1.65,1.631,2.157,2.137,2.108,3.455,3.456,3.508,4.388,4.354,4.35,12.874,12.663,12.689
RTA + E1,75,79,DMTNA,1,0.073,0.044,0.037,0.047,0.022,0.032,0.052,0.045,0.086,0.082,0.136,0.129,0.373,0.328,0.378,2.067,2.051,2.09
RTA + E1,75,91,DMTNAAVVGYRAGNSAY,2,1.599,1.584,1.62,1.64,1.645,1.622,2.168,2.166,2.117,3.438,3.435,3.542,4.381,4.31,4.32,12.142,12.02,12.082
RTA + E1,80,91,AVVGYRAGNSAY,2,1.482,1.397,1.441,1.412,1.392,1.43,1.724,1.654,1.676,2.421,2.687,2.62,2.851,2.785,2.79,7.562,7.494,7.508
RTA + E1,84,91,YRAGNSAY,2,1.599,1.556,1.576,1.596,1.589,1.604,2.036,1.986,1.984,2.828,2.937,2.91,3.101,3.059,3.061,4.493,4.464,4.477
RTA + E1,92,99,FFHPDNQE,2,1.589,1.575,1.579,1.778,1.746,1.775,1.893,1.804,1.846,1.988,2.101,2.045,2.423,2.375,2.455,,,
RTA + E1,92,101,FFHPDNQEDA,2,1.788,1.726,1.735,2.044,1.985,2.063,2.62,2.517,2.548,2.838,3.143,3.179,3.594,3.419,3.46,,,
RTA + E1,92,102,FFHPDNQEDAE,2,1.798,1.757,1.816,2.406,2.371,2.428,3.257,3.184,3.212,3.509,3.766,3.733,4.244,4.106,4.132,3.96,3.937,3.862
RTA + E1,92,103,FFHPDNQEDAEA,2,1.921,1.914,1.905,2.885,2.86,2.886,4.183,4.073,4.088,4.355,4.497,4.507,5.044,4.882,4.923,4.649,4.645,4.627
RTA + E1,92,107,FFHPDNQEDAEAITHL,3,2.007,2.011,1.956,3.259,3.272,3.258,5.08,4.98,4.896,5.947,6.29,6.332,7.629,7.459,7.623,7.564,7.624,7.582
RTA + E1,93,99,FHPDNQE,2,1.686,1.719,1.715,2.012,1.949,2.044,1.992,1.985,1.997,1.926,2.042,2.024,2.147,2.048,2.146,2.105,2.049,2.068
RTA + E1,93,107,FHPDNQEDAEAITHL,3,1.978,2,2.017,3.226,3.113,3.17,4.911,4.921,4.93,5.939,5.961,6.304,6.989,7.589,7.44,7.493,7.462,7.518
RTA + E1,102,107,EAITHL,2,0.164,0.16,0.161,0.442,0.453,0.416,0.847,0.833,0.804,1.513,1.528,1.502,2.555,2.515,2.578,2.623,2.626,2.603
RTA + E1,103,107,AITHL,2,0.154,0.156,0.148,0.364,0.351,0.369,0.629,0.581,0.619,1.351,1.415,1.362,1.996,1.954,1.953,1.892,1.899,1.882
RTA + E1,104,107,ITHL,2,0.134,0.131,0.139,0.343,0.358,0.341,0.515,0.535,0.511,0.838,0.87,0.867,1.308,1.31,1.269,1.238,1.258,1.247
RTA + E1,104,109,ITHLFT,2,1.277,1.249,1.251,1.327,1.302,1.307,1.368,1.356,1.357,1.633,1.684,1.666,2.094,2.051,2.024,1.915,1.94,1.941
RTA + E1,108,118,FTDVQNRYTFA,2,4.007,4.457,4.529,4.126,4.29,4.307,4.29,4.273,4.232,4.689,4.784,4.941,4.884,4.884,4.953,7.693,7.737,7.612
RTA + E1,108,122,FTDVQNRYTFAFGGN,2,5.005,4.968,4.945,5.569,5.512,5.553,6.435,6.376,6.367,7.284,7.399,7.416,7.866,7.801,7.818,9.378,9.261,9.326
RTA + E1,118,122,AFGGN,1,,,,,,,,,,,,,,,,,,
RTA + E1,119,126,FGGNYDRL,2,,,,,,,,,,,,,,,,3.634,3.614,
RTA + E1,123,126,YDRL,2,0.422,0.404,0.4,0.779,0.728,0.778,0.863,0.82,0.836,0.926,0.963,0.934,1.429,1.401,1.413,1.66,1.624,1.658
RTA + E1,123,129,YDRLEQL,2,0.194,0.159,0.173,0.479,0.441,0.46,0.869,0.806,0.826,1.475,1.53,1.565,2.866,2.679,2.573,3.502,3.613,3.54
RTA + E1,123,133,YDRLEQLAGNL,2,0.228,0.226,0.173,0.403,0.393,0.416,1.418,1.45,1.516,3.089,3.11,3.078,4.032,4.064,4.159,6.76,6.648,6.65
RTA + E1,123,135,YDRLEQLAGNLRE,3,0.526,0.53,0.501,1.123,1.147,1.196,2.697,2.629,2.624,4.676,4.695,4.973,5.858,5.841,5.765,8.401,8.341,8.399
RTA + E1,127,133,EQLAGNL,1,0.108,0.086,0.103,0.183,0.177,0.172,0.885,0.882,0.87,1.87,1.865,1.824,2.395,2.401,2.359,3.727,3.751,3.746
RTA + E1,127,135,EQLAGNLRE,2,0.556,0.501,0.592,1.09,1.209,1.187,2.241,2.274,2.241,3.485,3.632,3.671,4.137,4.113,4.201,5.509,5.497,5.506
RTA + E1,130,135,AGNLRE,2,0.482,0.435,0.441,0.924,0.908,0.82,1.9,1.85,1.808,2.644,2.589,,2.713,2.607,2.665,3.281,3.224,
RTA + E1,130,151,AGNLRENIELGNGPLEEAISAL,3,1.406,1.32,1.405,1.828,1.847,1.851,2.538,2.508,2.548,3.563,3.602,3.484,4.411,4.305,4.414,14.199,14.035,14.18
RTA + E1,134,146,RENIELGNGPLEE,2,1.22,1.191,1.185,1.187,1.163,1.171,1.232,1.19,1.197,1.385,1.36,1.358,2.085,2.073,2.094,6.545,6.522,6.531
RTA + E1,134,151,RENIELGNGPLEEAISAL,2,1.244,1.122,1.155,1.183,1.132,1.133,1.2,1.181,1.142,1.309,1.324,1.372,2.028,1.971,1.987,,10.408,10.5
RTA + E1,136,146,NIELGNGPLEE,2,1.138,1.118,1.174,1.105,1.13,1.187,1.218,1.132,1.16,1.274,1.29,1.391,1.961,1.983,1.967,5.296,5.272,5.296
RTA + E1,136,147,NIELGNGPLEEA,2,1.1,1.051,1.122,1.097,1.057,1.077,1.174,1.054,1.109,1.24,1.287,1.304,1.969,1.929,1.951,6.222,6.185,6.115
RTA + E1,136,151,NIELGNGPLEEAISAL,2,1.08,1.057,1.086,1.064,1.061,1.086,1.133,1.106,1.125,1.243,1.266,1.263,1.878,1.853,1.855,,9.494,9.485
RTA + E1,146,151,EAISAL,1,,,,,,,,,,,,,,,,3.517,3.366,3.375
RTA + E1,147,150,AISA,1,,,,,,,,,,,,,,,,,,
RTA + E1,147,151,AISAL,1,-0.016,-0.001,-0.02,-0.014,0.01,,0.014,-0.008,-0.012,-0.018,-0.005,-0.016,-0.008,0.001,-0.011,1.033,1.035,1.042
RTA + E1,148,151,ISAL,1,-0.005,0,-0.004,-0.008,0.001,-0.002,-0.005,-0.004,-0.007,-0.003,-0.007,-0.003,-0.006,0,0.004,1.698,1.699,1.722
RTA + E1,152,161,YYYSTGGTQL,2,2.986,2.982,2.871,4.016,4.004,3.943,4.77,4.766,4.79,5.228,5.226,4.914,5.345,5.254,5.194,4.925,4.504,
RTA + E1,152,164,YYYSTGGTQLPTL,2,3.301,3.207,3.181,4.293,4.22,4.394,4.878,4.681,4.878,5.13,5.223,5.306,5.989,5.899,5.909,3.506,3.586,
RTA + E1,153,164,YYSTGGTQLPTL,2,3.171,3.081,3.034,4.137,4.161,4.16,4.743,4.637,4.691,5.009,5.116,5.216,5.696,5.658,5.646,8.067,,8.003
RTA + E1,162,167,PTLARS,2,0.123,0.116,0.11,0.122,0.108,0.137,0.19,0.193,0.184,0.328,0.345,0.337,0.542,0.505,0.448,3.202,3.281,3.216
RTA + E1,162,168,PTLARSF,2,0.054,0.1,0.053,0.119,0.079,0.077,0.135,0.146,0.118,0.156,0.202,0.17,0.262,0.22,0.196,2.638,2.619,2.58
RTA + E1,165,168,ARSF,2,0.044,0.051,0.053,0.056,0.044,0.063,0.098,0.084,0.091,0.15,0.155,0.153,0.198,0.191,0.192,,1.21,1.28
RTA + E1,165,171,ARSFIIC,2,0.025,0.02,0.023,0.03,0.012,0.025,0.026,0.036,0.037,0.016,0.059,0.054,0.079,0.05,0.052,,2.325,2.497
RTA + E1,168,171,FIIC,1,0.019,0.023,0.017,0.026,0.038,0.028,0.02,0.03,0.01,0.04,0.014,0.019,0.015,0.024,0.02,0.573,0.906,1.095
RTA + E1,169,173,IICIQ,1,0.068,0.008,0.046,0.016,0.075,0.062,0.081,0.007,0.024,0.034,0.095,0.111,0.115,0.088,0.018,1.939,1.922,1.961
RTA + E1,172,181,IQMISEAARF,2,,,,,,,,,,,,,,,,0.543,,
RTA + E1,175,181,ISEAARF,2,0.117,0.124,0.125,0.128,0.115,0.128,0.135,0.158,0.127,0.14,0.148,0.124,0.153,0.139,0.159,1.008,0.983,1.205
RTA + E1,178,181,AARF,2,0.079,0.086,0.074,0.061,0.066,0.086,0.105,0.098,0.096,0.086,0.091,0.088,0.104,0.09,0.086,1.265,1.326,1.334
RTA + E1,182,186,QYIEG,1,0.049,0.045,0.044,0.066,0.054,0.062,0.078,0.108,0.081,0.2,0.203,0.189,0.643,0.649,0.638,2.086,2.015,2.011
RTA + E1,182,187,QYIEGE,1,0.107,0.116,0.114,0.101,0.106,0.114,0.132,0.127,0.119,0.229,0.245,0.194,0.768,0.669,0.659,1.02,1.016,0.953
RTA + E1,182,188,QYIEGEM,1,0.133,0.132,0.125,0.169,0.166,0.155,0.209,0.227,0.224,0.424,0.401,0.371,1.008,1.005,1.003,3.293,3.392,3.393
RTA + E1,182,190,QYIEGEMRT,2,0.351,0.328,0.322,0.575,0.582,0.579,1.096,1.105,1.08,1.219,1.26,1.204,1.734,1.722,1.76,,4.644,4.745
RTA + E1,182,204,QYIEGEMRTRIRYNRRSAPDPSV,5,3.242,3.266,3.208,4.006,4.028,4.031,5.619,5.547,5.454,7.777,7.972,8.059,9.345,9.13,9.117,,7.731,7.786
RTA + E1,187,204,EMRTRIRYNRRSAPDPSV,5,3.332,3.313,3.273,4.061,4.055,4.046,5.466,5.22,5.284,7.354,7.652,7.779,8.63,8.384,8.402,8.886,9.008,8.837
RTA + E1,188,204,MRTRIRYNRRSAPDPSV,5,3.319,3.293,3.279,3.946,3.986,4.032,5.047,4.871,4.919,6.848,7.237,7.398,8.261,8.022,8.031,8.37,8.391,8.346
RTA + E1,189,204,RTRIRYNRRSAPDPSV,5,3.358,3.331,3.285,3.881,3.888,3.911,4.722,4.559,4.684,6.366,6.813,6.954,7.801,7.564,7.639,7.825,7.822,7.757
RTA + E1,189,206,RTRIRYNRRSAPDPSVIT,5,3.299,3.297,3.282,3.867,3.87,3.957,4.935,4.761,4.768,6.875,7.159,7.354,8.686,8.267,8.327,9.351,9.457,9.39
RTA + E1,191,204,RIRYNRRSAPDPSV,4,3.33,3.37,3.332,3.936,3.954,3.957,4.624,4.46,4.529,5.866,6.102,6.135,6.72,6.575,6.57,6.562,6.541,6.612
RTA + E1,191,207,RIRYNRRSAPDPSVITL,4,2.994,3.154,2.882,3.552,4.245,3.609,4.344,4.892,4.638,6.214,6.033,7.076,7.257,6.83,6.655,8.583,8.541,8.504
RTA + E1,195,204,NRRSAPDPSV,2,2.414,2.373,2.395,2.614,2.64,2.608,3.082,2.956,2.958,3.732,3.832,3.916,4.361,4.37,4.255,4.312,4.272,4.204
RTA + E1,205,210,ITLENS,1,0.166,0.182,0.198,0.223,0.218,0.238,0.654,0.633,0.628,1.482,1.5,1.448,2.326,2.272,2.257,3.418,3.44,3.443
RTA + E1,205,214,ITLENSWGRL,2,2.197,2.167,2.155,2.643,2.627,2.643,3.028,2.992,3.016,3.872,3.913,3.907,4.701,4.624,4.642,5.633,5.464,5.643
RTA + E1,205,216,ITLENSWGRLST,2,2.353,2.373,2.327,3.007,2.994,2.989,4.489,4.485,4.423,5.789,5.81,5.831,6.812,6.593,6.449,,,
RTA + E1,205,217,ITLENSWGRLSTA,2,2.362,2.253,2.333,3.001,2.984,2.995,4.402,4.525,4.482,6.146,6.167,6.184,7.265,7.233,7.243,8.454,8.487,8.452
RTA + E1,207,214,LENSWGRL,2,2.044,2.033,2.041,2.479,2.469,2.496,2.745,2.702,2.724,3.332,3.398,3.42,3.922,3.831,3.858,3.716,3.728,3.772
RTA + E1,207,216,LENSWGRLST,2,2.166,2.14,2.116,2.668,2.655,2.654,3.841,3.806,3.805,4.921,4.956,4.985,5.567,5.436,5.5,,,
RTA + E1,207,217,LENSWGRLSTA,2,1.97,1.945,1.929,2.566,2.519,2.717,3.859,3.854,3.83,5.12,5.218,5.196,6.062,5.967,5.924,5.892,5.869,5.816
RTA + E1,208,214,ENSWGRL,2,1.951,1.952,1.927,2.384,2.347,2.374,2.529,2.557,2.521,3.031,3.054,3.053,3.408,3.407,3.381,3.312,3.305,3.316
RTA + E1,208,217,ENSWGRLSTA,2,2.058,2.051,2.046,2.653,2.625,2.626,3.842,3.839,3.846,4.973,5.068,5.047,5.801,5.792,5.795,5.575,5.604,5.519
RTA + E1,211,217,WGRLSTA,2,1.057,1.156,1.005,1.305,1.314,1.235,2.239,2.182,2.105,3.147,3.281,3.208,3.818,3.804,3.748,3.714,3.68,3.647
RTA + E1,212,216,GRLST,2,,,,,,,,,,,,,,,,,,
RTA + E1,217,225,AIQESNQGA,2,3.071,3.138,3.045,3.609,3.497,3.564,3.971,3.883,3.955,4.721,4.79,4.835,5.329,5.342,5.294,5.138,4.954,5.131
RTA + E1,217,232,AIQESNQGAFASPIQL,2,5.173,5.158,5.2,5.834,5.772,5.808,7.338,7.339,7.168,8.972,8.872,8.868,9.242,9.241,9.283,9.078,9.07,9.066
RTA + E1,218,225,IQESNQGA,2,,,,,,,,,,,,,,,,4.238,4.212,4.236
RTA + E1,218,232,IQESNQGAFASPIQL,2,5.079,4.969,5.032,5.644,5.654,5.646,6.948,6.891,6.881,8.114,8.222,8.348,8.584,8.444,8.433,8.54,8.532,8.54
RTA + E1,220,232,ESNQGAFASPIQL,2,3.012,3.019,2.993,4.085,3.855,4.186,5.346,5.454,5.262,6.096,6.13,6.302,,7.466,7.068,7.555,7.38,7.639
RTA + E1,221,232,SNQGAFASPIQL,2,3.893,3.822,3.861,4.221,4.222,4.278,5.446,5.356,5.335,6.449,6.522,6.517,6.674,6.662,6.644,6.527,6.474,
RTA + E1,226,232,FASPIQL,1,1.65,1.618,1.632,1.677,1.67,1.68,2.301,2.289,2.265,3.246,3.275,3.281,3.389,3.344,3.356,3.347,3.22,3.234
RTA + E1,226,240,FASPIQLQRRNGSKF,4,3.237,2.987,2.805,2.962,3.011,2.901,4.795,4.438,4.605,5.803,5.908,6.261,6.599,6.651,6.472,5.081,4.986,4.91
RTA + E1,227,240,ASPIQLQRRNGSKF,4,3.02,3.028,3.121,3.631,3.724,3.704,5.48,5.493,,6.479,6.864,6.743,,,,1.221,1.734,
RTA + E1,232,240,LQRRNGSKF,3,2.506,2.301,2.3,2.94,2.823,2.943,4.031,3.783,3.823,3.906,4.192,4.149,4.326,4.06,4.056,2.55,,
RTA + E1,232,243,LQRRNGSKFSVY,4,,,,,,,,,,,,,,,,7.147,,7.047
RTA + E1,233,243,QRRNGSKFSVY,3,2.751,2.699,2.675,3.506,3.476,3.581,4.482,4.261,4.291,4.78,5.051,5.036,5.215,5.036,5.015,,,
RTA + E1,233,244,QRRNGSKFSVYD,3,2.984,3.006,2.889,4.057,4.034,4.11,5.02,4.856,4.817,5.338,5.51,5.548,5.68,5.544,5.453,5.584,5.476,
RTA + E1,233,246,QRRNGSKFSVYDVS,4,2.818,2.777,2.749,4.291,4.26,4.344,5.887,5.786,5.773,6.516,6.79,6.794,7.009,6.81,6.829,,5.031,4.853
RTA + E1,233,248,QRRNGSKFSVYDVSIL,4,2.407,2.386,2.318,4.237,4.212,4.247,6.031,5.94,5.923,7.07,7.166,7.251,7.756,7.656,7.633,5.809,,5.929
RTA + E1,240,243,FSVY,1,,,,,,,,,,,,,,,,,,
RTA + E1,241,246,SVYDVS,1,0.955,0.996,0.903,1.93,1.909,1.926,2.723,2.736,2.699,2.917,2.967,3,3.13,3.09,3.077,,1.797,1.784
RTA + E1,241,248,SVYDVSIL,1,1.102,1.108,1.059,2.625,2.606,2.648,3.748,3.7,3.718,4.316,4.352,4.35,4.844,4.789,4.807,,4.1,4.059
RTA + E1,243,248,YDVSIL,1,,,,,,,,,,,,,,,,,2.979,3.027
RTA + E1,244,248,DVSIL,1,0.344,0.337,0.332,1.167,1.159,1.153,1.788,1.785,1.819,2.045,2.053,2.103,2.525,2.502,2.491,2.193,2.375,2.235
RTA + E1,245,248,VSIL,1,0.264,0.267,0.248,0.839,0.815,0.846,1.193,1.14,1.149,1.436,1.489,1.444,1.943,1.885,1.891,1.544,1.665,1.609
RTA + E1,247,253,ILIPIIA,1,0.059,0.053,0.044,0.069,0.077,0.054,0.241,0.251,0.229,1.043,1.047,1.165,2.721,2.727,2.747,3.039,3.255,3.201
RTA + E1,247,254,ILIPIIAL,1,0.055,0.054,0.05,0.065,0.087,0.07,0.262,0.308,0.252,1.211,1.258,1.241,3.392,3.32,3.434,3.838,3.864,4.067
RTA + E1,247,255,ILIPIIALM,2,0.091,0.011,0.051,0.059,0.054,0.034,0.314,0.4,0.352,1.84,1.859,1.332,4.271,4.127,3.814,,4.567,4.485
RTA + E1,249,253,IPIIA,1,0.007,0.042,-0.009,0.012,0.006,0.01,0.146,0.19,0.114,0.517,0.51,0.452,1.922,1.88,1.876,1.519,,1.479
RTA + E1,249,254,IPIIAL,1,0.015,0.014,0.016,0.023,0.023,0.024,0.111,0.094,0.116,0.639,0.65,0.643,2.672,2.673,2.702,3.179,3.269,3.262
RTA + E1,249,255,IPIIALM,1,0.016,0.009,-0.002,0.058,0.025,0.026,0.126,0.135,0.129,1.092,0.881,0.866,3.522,3.558,3.465,3.734,4.107,4.2
RTA + E1,255,267,MVYRCAPPPSSQF,2,4.313,4.263,4.377,4.736,4.632,4.683,5.192,5.139,5.23,5.375,5.424,5.48,6.147,6.039,6.105,3.74,3.655,
RTA + E1,256,267,VYRCAPPPSSQF,2,4.43,4.376,4.399,4.731,4.702,4.762,5.164,5.107,5.131,5.107,5.234,5.278,5.396,5.317,5.352,3.662,3.456,
RTA + E1,257,267,YRCAPPPSSQF,2,4.156,4.107,4.133,4.355,4.314,4.374,4.28,4.177,4.21,4.185,4.336,4.356,4.472,4.395,4.41,2.721,2.665,
RTA + E1,258,267,RCAPPPSSQF,2,3.628,3.627,3.645,3.817,3.745,3.846,3.84,3.82,3.78,3.712,3.647,3.849,3.899,3.872,3.873,,,1.913
